rambolito_key,straight_permutations,draw_count,first_seen,last_seen
3677,12,6,2024-01-29,2026-03-30
2568,24,4,2024-01-17,2026-01-26
0028,12,3,2024-09-04,2025-06-16
0147,24,3,2025-08-18,2026-07-31
0248,24,3,2024-06-03,2025-11-26
0268,24,3,2024-06-19,2025-07-09
0289,24,3,2024-08-14,2025-11-21
0578,24,3,2024-06-28,2026-07-01
1457,24,3,2024-04-26,2025-12-19
1569,24,3,2025-01-01,2025-12-24
1578,24,3,2025-09-10,2025-11-14
1899,12,3,2024-02-14,2026-08-03
2238,12,3,2024-08-07,2026-02-13
2369,24,3,2024-02-07,2025-05-23
3348,12,3,2024-07-03,2025-06-11
4567,24,3,2024-04-01,2025-01-08
5588,6,3,2024-05-10,2025-11-28
5679,24,3,2024-05-22,2026-03-27
0029,12,2,2024-12-18,2025-05-26
0039,12,2,2024-10-04,2026-05-04
0057,12,2,2025-01-24,2026-01-02
0059,12,2,2026-02-20,2026-07-03
0123,24,2,2025-05-07,2025-12-22
0124,24,2,2024-11-04,2025-09-19
0126,24,2,2024-02-23,2024-12-30
0127,24,2,2024-02-26,2024-08-16
0134,24,2,2024-12-09,2026-06-29
0135,24,2,2024-07-17,2024-12-11
0139,24,2,2024-01-10,2025-05-21
0146,24,2,2024-07-29,2024-12-04
0169,24,2,2024-03-15,2026-04-10
0178,24,2,2025-03-07,2026-02-27
0233,12,2,2024-08-09,2026-01-28
0246,24,2,2024-08-19,2026-06-01
0257,24,2,2025-10-08,2026-04-01
0259,24,2,2024-09-23,2025-07-16
0277,12,2,2024-01-08,2026-07-17
0334,12,2,2024-11-29,2026-06-12
0346,24,2,2024-02-19,2024-10-18
0356,24,2,2024-06-21,2025-03-28
0357,24,2,2024-04-29,2025-06-06
0359,24,2,2024-09-30,2026-07-10
0369,24,2,2025-02-21,2025-08-13
0377,12,2,2025-09-05,2026-02-25
0378,24,2,2026-05-20,2026-07-20
0389,24,2,2024-05-13,2024-07-01
0456,24,2,2024-04-10,2025-05-05
0468,24,2,2024-02-12,2026-05-27
0556,12,2,2025-01-06,2026-01-19
0778,12,2,2025-03-26,2025-06-23
1139,12,2,2024-01-03,2024-03-20
1169,12,2,2024-05-15,2024-05-29
1179,12,2,2024-04-15,2025-02-03
1234,24,2,2025-12-31,2026-01-12
1237,24,2,2025-02-28,2025-10-20
1247,24,2,2024-11-27,2025-01-13
1257,24,2,2025-02-26,2025-06-02
1259,24,2,2025-09-01,2025-09-29
1289,24,2,2024-03-08,2025-04-02
1346,24,2,2024-03-04,2024-03-27
1357,24,2,2024-03-01,2024-04-19
1378,24,2,2024-12-02,2025-01-20
1379,24,2,2025-01-03,2026-04-22
1459,24,2,2025-03-31,2025-10-29
1478,24,2,2025-03-12,2025-07-07
1579,24,2,2025-09-15,2026-05-25
1778,12,2,2025-03-14,2025-07-21
2247,12,2,2024-06-17,2025-10-15
2257,12,2,2024-08-23,2024-10-07
2346,24,2,2024-05-06,2026-02-04
2347,24,2,2025-02-05,2025-04-14
2357,24,2,2024-02-28,2024-09-20
2388,12,2,2026-01-30,2026-03-09
2456,24,2,2025-01-17,2025-08-06
2467,24,2,2024-09-16,2026-04-24
2468,24,2,2024-08-12,2025-10-24
2477,12,2,2026-01-14,2026-06-10
2559,12,2,2024-08-02,2026-06-24
2579,24,2,2024-04-05,2026-06-05
2669,12,2,2025-06-30,2025-10-27
3368,12,2,2024-07-22,2025-12-01
3566,12,2,2025-03-03,2025-11-03
3678,24,2,2025-07-30,2025-10-06
3789,24,2,2024-02-02,2025-09-17
4479,12,2,2025-06-20,2025-09-12
4558,12,2,2025-06-18,2026-04-06
5568,12,2,2024-06-10,2025-10-13
5667,12,2,2025-07-25,2026-02-18
5689,24,2,2024-10-14,2024-12-23
5899,12,2,2025-03-24,2026-02-16
6779,12,2,2025-05-19,2025-12-26
0005,4,1,2025-11-05,2025-11-05
0013,12,1,2026-03-06,2026-03-06
0016,12,1,2026-02-06,2026-02-06
0017,12,1,2026-05-22,2026-05-22
0018,12,1,2026-07-06,2026-07-06
0023,12,1,2026-03-25,2026-03-25
0035,12,1,2024-01-15,2024-01-15
0037,12,1,2024-05-17,2024-05-17
0038,12,1,2026-06-19,2026-06-19
0044,6,1,2024-04-24,2024-04-24
0047,12,1,2026-06-26,2026-06-26
0058,12,1,2026-03-20,2026-03-20
0113,12,1,2025-02-14,2025-02-14
0115,12,1,2024-08-28,2024-08-28
0125,24,1,2025-03-21,2025-03-21
0128,24,1,2025-11-24,2025-11-24
0144,12,1,2026-02-02,2026-02-02
0156,24,1,2024-09-11,2024-09-11
0159,24,1,2026-07-15,2026-07-15
0166,12,1,2025-04-23,2025-04-23
0168,24,1,2026-07-08,2026-07-08
0224,12,1,2024-05-20,2024-05-20
0236,24,1,2025-01-31,2025-01-31
0238,24,1,2024-08-30,2024-08-30
0239,24,1,2026-06-22,2026-06-22
0247,24,1,2025-09-26,2025-09-26
0258,24,1,2025-09-08,2025-09-08
0267,24,1,2024-02-21,2024-02-21
0269,24,1,2026-05-06,2026-05-06
0278,24,1,2024-12-13,2024-12-13
0279,24,1,2026-03-11,2026-03-11
0338,12,1,2024-05-24,2024-05-24
0339,12,1,2024-07-05,2024-07-05
0348,24,1,2024-10-02,2024-10-02
0349,24,1,2026-06-03,2026-06-03
0355,12,1,2026-06-08,2026-06-08
0358,24,1,2024-07-15,2024-07-15
0367,24,1,2025-07-14,2025-07-14
0379,24,1,2023-12-27,2023-12-27
0388,12,1,2025-11-17,2025-11-17
0448,12,1,2026-07-22,2026-07-22
0449,12,1,2024-04-08,2024-04-08
0457,24,1,2024-09-06,2024-09-06
0477,12,1,2024-02-09,2024-02-09
0478,24,1,2025-06-27,2025-06-27
0479,24,1,2026-01-05,2026-01-05
0488,12,1,2025-11-10,2025-11-10
0499,12,1,2026-05-13,2026-05-13
0567,24,1,2025-12-08,2025-12-08
0569,24,1,2025-05-12,2025-05-12
0577,12,1,2025-08-11,2025-08-11
0579,24,1,2025-06-25,2025-06-25
0588,12,1,2026-06-15,2026-06-15
0667,12,1,2026-04-13,2026-04-13
0678,24,1,2025-12-15,2025-12-15
0789,24,1,2025-10-01,2025-10-01
0889,12,1,2025-06-09,2025-06-09
1112,4,1,2026-05-18,2026-05-18
1116,4,1,2025-07-11,2025-07-11
1119,4,1,2024-03-18,2024-03-18
1123,12,1,2024-10-16,2024-10-16
1127,12,1,2024-04-03,2024-04-03
1129,12,1,2024-06-05,2024-06-05
1133,6,1,2025-10-10,2025-10-10
1134,12,1,2025-06-13,2025-06-13
1136,12,1,2026-04-08,2026-04-08
1146,12,1,2025-02-24,2025-02-24
1157,12,1,2024-04-22,2024-04-22
1177,6,1,2025-08-27,2025-08-27
1178,12,1,2024-04-17,2024-04-17
1189,12,1,2026-07-13,2026-07-13
1224,12,1,2025-12-12,2025-12-12
1225,12,1,2025-12-29,2025-12-29
1226,12,1,2026-05-29,2026-05-29
1227,12,1,2025-11-19,2025-11-19
1229,12,1,2025-10-17,2025-10-17
1244,12,1,2024-10-21,2024-10-21
1245,24,1,2025-08-15,2025-08-15
1248,24,1,2024-07-24,2024-07-24
1249,24,1,2025-07-23,2025-07-23
1256,24,1,2025-01-27,2025-01-27
1258,24,1,2026-01-07,2026-01-07
1269,24,1,2024-09-18,2024-09-18
1288,12,1,2024-06-24,2024-06-24
1338,12,1,2024-10-30,2024-10-30
1349,24,1,2024-01-19,2024-01-19
1355,12,1,2025-09-22,2025-09-22
1358,24,1,2024-09-13,2024-09-13
1367,24,1,2024-10-11,2024-10-11
1377,12,1,2024-10-09,2024-10-09
1399,12,1,2026-05-15,2026-05-15
1444,4,1,2026-03-23,2026-03-23
1445,12,1,2024-09-25,2024-09-25
1446,12,1,2024-03-13,2024-03-13
1449,12,1,2025-03-05,2025-03-05
1456,24,1,2024-07-26,2024-07-26
1458,24,1,2024-05-08,2024-05-08
1467,24,1,2025-08-29,2025-08-29
1489,24,1,2025-03-10,2025-03-10
1556,12,1,2025-04-07,2025-04-07
1557,12,1,2025-12-05,2025-12-05
1566,12,1,2026-05-11,2026-05-11
1568,24,1,2024-05-03,2024-05-03
1588,12,1,2024-07-31,2024-07-31
1599,12,1,2026-07-27,2026-07-27
1677,12,1,2025-02-17,2025-02-17
1678,24,1,2026-01-21,2026-01-21
1689,24,1,2025-11-07,2025-11-07
1789,24,1,2025-02-07,2025-02-07
2227,4,1,2024-03-06,2024-03-06
2248,12,1,2024-05-27,2024-05-27
2249,12,1,2025-04-04,2025-04-04
2258,12,1,2024-07-19,2024-07-19
2279,12,1,2025-07-18,2025-07-18
2336,12,1,2026-01-16,2026-01-16
2345,24,1,2026-03-04,2026-03-04
2348,24,1,2026-02-11,2026-02-11
2356,24,1,2025-06-04,2025-06-04
2359,24,1,2025-01-29,2025-01-29
2368,24,1,2025-10-03,2025-10-03
2378,24,1,2024-01-12,2024-01-12
2445,12,1,2025-01-15,2025-01-15
2447,12,1,2025-05-09,2025-05-09
2448,12,1,2025-07-28,2025-07-28
2449,12,1,2024-02-16,2024-02-16
2479,24,1,2025-04-28,2025-04-28
2488,12,1,2026-08-05,2026-08-05
2567,24,1,2025-05-16,2025-05-16
2569,24,1,2025-07-04,2025-07-04
2588,12,1,2024-02-05,2024-02-05
2589,24,1,2024-11-01,2024-11-01
2599,12,1,2024-01-24,2024-01-24
2679,24,1,2026-05-01,2026-05-01
2788,12,1,2025-12-10,2025-12-10
2789,24,1,2025-05-28,2025-05-28
3345,12,1,2025-02-12,2025-02-12
3347,12,1,2024-08-21,2024-08-21
3379,12,1,2025-11-12,2025-11-12
3388,6,1,2024-08-26,2024-08-26
3389,12,1,2026-04-17,2026-04-17
3446,12,1,2024-01-05,2024-01-05
3447,12,1,2024-12-16,2024-12-16
3456,24,1,2024-12-20,2024-12-20
3457,24,1,2023-12-29,2023-12-29
3458,24,1,2024-07-10,2024-07-10
3459,24,1,2024-03-22,2024-03-22
3478,24,1,2025-12-03,2025-12-03
3479,24,1,2025-08-01,2025-08-01
3577,12,1,2024-12-25,2024-12-25
3579,24,1,2025-09-24,2025-09-24
3669,12,1,2024-09-09,2024-09-09
3689,24,1,2026-05-08,2026-05-08
3699,12,1,2025-04-21,2025-04-21
3799,12,1,2024-05-31,2024-05-31
3888,4,1,2025-08-25,2025-08-25
3899,12,1,2025-04-09,2025-04-09
4455,6,1,2025-08-04,2025-08-04
4456,12,1,2025-04-30,2025-04-30
4458,12,1,2026-03-16,2026-03-16
4466,6,1,2026-02-23,2026-02-23
4467,12,1,2026-04-27,2026-04-27
4468,12,1,2025-05-14,2025-05-14
4477,6,1,2025-04-11,2025-04-11
4489,12,1,2024-10-28,2024-10-28
4499,6,1,2024-05-01,2024-05-01
4556,12,1,2026-03-18,2026-03-18
4566,12,1,2025-08-20,2025-08-20
4568,24,1,2024-01-26,2024-01-26
4577,12,1,2025-09-03,2025-09-03
4578,24,1,2026-04-20,2026-04-20
4579,24,1,2025-08-08,2025-08-08
4588,12,1,2026-04-29,2026-04-29
4667,12,1,2024-01-22,2024-01-22
4679,24,1,2026-07-29,2026-07-29
4688,12,1,2026-01-09,2026-01-09
4689,24,1,2024-03-25,2024-03-25
4799,12,1,2025-10-22,2025-10-22
4889,12,1,2024-10-23,2024-10-23
5566,6,1,2026-06-17,2026-06-17
5569,12,1,2025-05-30,2025-05-30
5677,12,1,2026-07-24,2026-07-24
5778,12,1,2026-04-15,2026-04-15
5889,12,1,2024-09-02,2024-09-02
6679,12,1,2024-08-05,2024-08-05
6689,12,1,2025-05-02,2025-05-02
6789,24,1,2025-08-22,2025-08-22
6799,12,1,2024-12-27,2024-12-27
6899,12,1,2024-11-06,2024-11-06
7788,6,1,2025-03-17,2025-03-17
7899,12,1,2024-03-11,2024-03-11
8899,6,1,2024-01-31,2024-01-31
