pair_or_transition,first,second,count,draw_support_pct
04-24,04,24,16,4.0404
03-07,03,07,15,3.7879
04-23,04,23,15,3.7879
04-27,04,27,14,3.5354
28-42,28,42,14,3.5354
02-36,02,36,13,3.2828
08-34,08,34,13,3.2828
10-18,10,18,13,3.2828
10-24,10,24,13,3.2828
27-33,27,33,13,3.2828
02-11,02,11,12,3.0303
03-04,03,04,12,3.0303
03-24,03,24,12,3.0303
04-14,04,14,12,3.0303
04-22,04,22,12,3.0303
06-34,06,34,12,3.0303
09-17,09,17,12,3.0303
14-17,14,17,12,3.0303
15-29,15,29,12,3.0303
17-40,17,40,12,3.0303
17-42,17,42,12,3.0303
24-27,24,27,12,3.0303
28-34,28,34,12,3.0303
35-44,35,44,12,3.0303
39-44,39,44,12,3.0303
01-28,01,28,11,2.7778
03-42,03,42,11,2.7778
04-19,04,19,11,2.7778
04-30,04,30,11,2.7778
04-40,04,40,11,2.7778
06-24,06,24,11,2.7778
08-11,08,11,11,2.7778
08-30,08,30,11,2.7778
13-30,13,30,11,2.7778
17-28,17,28,11,2.7778
24-28,24,28,11,2.7778
24-36,24,36,11,2.7778
25-28,25,28,11,2.7778
27-36,27,36,11,2.7778
27-43,27,43,11,2.7778
33-42,33,42,11,2.7778
33-43,33,43,11,2.7778
34-41,34,41,11,2.7778
01-29,01,29,10,2.5253
02-03,02,03,10,2.5253
02-06,02,06,10,2.5253
03-17,03,17,10,2.5253
03-41,03,41,10,2.5253
04-10,04,10,10,2.5253
04-18,04,18,10,2.5253
04-28,04,28,10,2.5253
05-28,05,28,10,2.5253
05-29,05,29,10,2.5253
05-38,05,38,10,2.5253
06-10,06,10,10,2.5253
06-17,06,17,10,2.5253
06-42,06,42,10,2.5253
08-35,08,35,10,2.5253
10-15,10,15,10,2.5253
10-42,10,42,10,2.5253
12-27,12,27,10,2.5253
12-33,12,33,10,2.5253
12-36,12,36,10,2.5253
14-20,14,20,10,2.5253
14-41,14,41,10,2.5253
15-27,15,27,10,2.5253
15-42,15,42,10,2.5253
17-29,17,29,10,2.5253
19-36,19,36,10,2.5253
21-41,21,41,10,2.5253
24-35,24,35,10,2.5253
24-42,24,42,10,2.5253
25-35,25,35,10,2.5253
25-40,25,40,10,2.5253
25-42,25,42,10,2.5253
27-29,27,29,10,2.5253
27-35,27,35,10,2.5253
27-42,27,42,10,2.5253
27-45,27,45,10,2.5253
28-29,28,29,10,2.5253
29-34,29,34,10,2.5253
29-41,29,41,10,2.5253
30-39,30,39,10,2.5253
35-45,35,45,10,2.5253
40-42,40,42,10,2.5253
01-17,01,17,9,2.2727
01-25,01,25,9,2.2727
01-42,01,42,9,2.2727
02-04,02,04,9,2.2727
02-24,02,24,9,2.2727
02-27,02,27,9,2.2727
03-06,03,06,9,2.2727
03-09,03,09,9,2.2727
03-11,03,11,9,2.2727
03-18,03,18,9,2.2727
03-27,03,27,9,2.2727
03-45,03,45,9,2.2727
04-09,04,09,9,2.2727
04-11,04,11,9,2.2727
04-16,04,16,9,2.2727
04-17,04,17,9,2.2727
04-25,04,25,9,2.2727
04-33,04,33,9,2.2727
04-41,04,41,9,2.2727
04-45,04,45,9,2.2727
05-17,05,17,9,2.2727
05-19,05,19,9,2.2727
05-24,05,24,9,2.2727
05-25,05,25,9,2.2727
05-42,05,42,9,2.2727
06-15,06,15,9,2.2727
06-21,06,21,9,2.2727
06-32,06,32,9,2.2727
06-40,06,40,9,2.2727
07-35,07,35,9,2.2727
07-37,07,37,9,2.2727
08-25,08,25,9,2.2727
08-29,08,29,9,2.2727
08-39,08,39,9,2.2727
09-42,09,42,9,2.2727
11-15,11,15,9,2.2727
11-19,11,19,9,2.2727
12-24,12,24,9,2.2727
13-14,13,14,9,2.2727
14-42,14,42,9,2.2727
15-24,15,24,9,2.2727
15-44,15,44,9,2.2727
17-31,17,31,9,2.2727
18-25,18,25,9,2.2727
18-35,18,35,9,2.2727
19-31,19,31,9,2.2727
19-38,19,38,9,2.2727
20-31,20,31,9,2.2727
21-44,21,44,9,2.2727
22-25,22,25,9,2.2727
22-33,22,33,9,2.2727
24-41,24,41,9,2.2727
25-27,25,27,9,2.2727
25-30,25,30,9,2.2727
25-33,25,33,9,2.2727
25-37,25,37,9,2.2727
27-34,27,34,9,2.2727
28-31,28,31,9,2.2727
29-45,29,45,9,2.2727
30-43,30,43,9,2.2727
32-45,32,45,9,2.2727
34-36,34,36,9,2.2727
34-45,34,45,9,2.2727
35-38,35,38,9,2.2727
35-39,35,39,9,2.2727
35-43,35,43,9,2.2727
37-42,37,42,9,2.2727
42-45,42,45,9,2.2727
01-04,01,04,8,2.0202
01-31,01,31,8,2.0202
01-44,01,44,8,2.0202
02-12,02,12,8,2.0202
02-21,02,21,8,2.0202
02-31,02,31,8,2.0202
02-40,02,40,8,2.0202
02-41,02,41,8,2.0202
03-10,03,10,8,2.0202
03-16,03,16,8,2.0202
03-21,03,21,8,2.0202
03-36,03,36,8,2.0202
03-37,03,37,8,2.0202
03-43,03,43,8,2.0202
04-05,04,05,8,2.0202
04-39,04,39,8,2.0202
04-42,04,42,8,2.0202
04-43,04,43,8,2.0202
04-44,04,44,8,2.0202
05-06,05,06,8,2.0202
05-08,05,08,8,2.0202
05-09,05,09,8,2.0202
05-31,05,31,8,2.0202
05-41,05,41,8,2.0202
06-07,06,07,8,2.0202
06-11,06,11,8,2.0202
06-28,06,28,8,2.0202
07-13,07,13,8,2.0202
07-22,07,22,8,2.0202
07-39,07,39,8,2.0202
08-12,08,12,8,2.0202
08-15,08,15,8,2.0202
08-24,08,24,8,2.0202
08-28,08,28,8,2.0202
08-32,08,32,8,2.0202
08-41,08,41,8,2.0202
08-42,08,42,8,2.0202
08-43,08,43,8,2.0202
09-21,09,21,8,2.0202
09-33,09,33,8,2.0202
10-11,10,11,8,2.0202
10-21,10,21,8,2.0202
10-25,10,25,8,2.0202
10-35,10,35,8,2.0202
10-37,10,37,8,2.0202
10-43,10,43,8,2.0202
11-18,11,18,8,2.0202
11-32,11,32,8,2.0202
11-36,11,36,8,2.0202
11-38,11,38,8,2.0202
13-18,13,18,8,2.0202
14-16,14,16,8,2.0202
14-18,14,18,8,2.0202
14-22,14,22,8,2.0202
14-27,14,27,8,2.0202
14-31,14,31,8,2.0202
14-36,14,36,8,2.0202
15-37,15,37,8,2.0202
15-38,15,38,8,2.0202
15-43,15,43,8,2.0202
16-17,16,17,8,2.0202
16-31,16,31,8,2.0202
17-25,17,25,8,2.0202
17-39,17,39,8,2.0202
18-19,18,19,8,2.0202
18-23,18,23,8,2.0202
18-33,18,33,8,2.0202
18-37,18,37,8,2.0202
18-40,18,40,8,2.0202
18-42,18,42,8,2.0202
18-43,18,43,8,2.0202
19-41,19,41,8,2.0202
20-28,20,28,8,2.0202
21-33,21,33,8,2.0202
21-34,21,34,8,2.0202
21-43,21,43,8,2.0202
21-45,21,45,8,2.0202
23-28,23,28,8,2.0202
23-35,23,35,8,2.0202
23-38,23,38,8,2.0202
23-40,23,40,8,2.0202
23-45,23,45,8,2.0202
24-38,24,38,8,2.0202
24-40,24,40,8,2.0202
24-43,24,43,8,2.0202
24-44,24,44,8,2.0202
24-45,24,45,8,2.0202
25-36,25,36,8,2.0202
26-39,26,39,8,2.0202
27-37,27,37,8,2.0202
27-38,27,38,8,2.0202
28-40,28,40,8,2.0202
29-31,29,31,8,2.0202
29-36,29,36,8,2.0202
31-45,31,45,8,2.0202
32-34,32,34,8,2.0202
33-40,33,40,8,2.0202
33-44,33,44,8,2.0202
33-45,33,45,8,2.0202
34-37,34,37,8,2.0202
34-42,34,42,8,2.0202
35-40,35,40,8,2.0202
35-41,35,41,8,2.0202
35-42,35,42,8,2.0202
39-41,39,41,8,2.0202
40-45,40,45,8,2.0202
01-05,01,05,7,1.7677
01-06,01,06,7,1.7677
01-09,01,09,7,1.7677
01-12,01,12,7,1.7677
01-14,01,14,7,1.7677
01-15,01,15,7,1.7677
01-18,01,18,7,1.7677
01-24,01,24,7,1.7677
01-27,01,27,7,1.7677
01-30,01,30,7,1.7677
01-34,01,34,7,1.7677
01-41,01,41,7,1.7677
01-43,01,43,7,1.7677
02-09,02,09,7,1.7677
02-15,02,15,7,1.7677
02-19,02,19,7,1.7677
02-28,02,28,7,1.7677
02-30,02,30,7,1.7677
03-12,03,12,7,1.7677
03-20,03,20,7,1.7677
03-23,03,23,7,1.7677
03-28,03,28,7,1.7677
03-32,03,32,7,1.7677
03-35,03,35,7,1.7677
03-40,03,40,7,1.7677
04-06,04,06,7,1.7677
04-07,04,07,7,1.7677
04-08,04,08,7,1.7677
04-13,04,13,7,1.7677
04-21,04,21,7,1.7677
04-32,04,32,7,1.7677
04-36,04,36,7,1.7677
05-13,05,13,7,1.7677
05-22,05,22,7,1.7677
05-34,05,34,7,1.7677
05-36,05,36,7,1.7677
06-18,06,18,7,1.7677
06-20,06,20,7,1.7677
06-23,06,23,7,1.7677
06-30,06,30,7,1.7677
06-31,06,31,7,1.7677
06-33,06,33,7,1.7677
06-35,06,35,7,1.7677
07-09,07,09,7,1.7677
07-12,07,12,7,1.7677
07-28,07,28,7,1.7677
07-34,07,34,7,1.7677
08-17,08,17,7,1.7677
08-27,08,27,7,1.7677
08-38,08,38,7,1.7677
09-14,09,14,7,1.7677
09-27,09,27,7,1.7677
09-31,09,31,7,1.7677
09-32,09,32,7,1.7677
09-36,09,36,7,1.7677
09-40,09,40,7,1.7677
09-43,09,43,7,1.7677
10-14,10,14,7,1.7677
10-19,10,19,7,1.7677
10-30,10,30,7,1.7677
11-21,11,21,7,1.7677
11-30,11,30,7,1.7677
11-31,11,31,7,1.7677
11-33,11,33,7,1.7677
11-37,11,37,7,1.7677
11-43,11,43,7,1.7677
12-17,12,17,7,1.7677
12-19,12,19,7,1.7677
13-23,13,23,7,1.7677
13-25,13,25,7,1.7677
13-27,13,27,7,1.7677
13-33,13,33,7,1.7677
13-35,13,35,7,1.7677
14-19,14,19,7,1.7677
14-30,14,30,7,1.7677
14-43,14,43,7,1.7677
15-17,15,17,7,1.7677
15-30,15,30,7,1.7677
15-33,15,33,7,1.7677
15-45,15,45,7,1.7677
17-20,17,20,7,1.7677
17-32,17,32,7,1.7677
17-35,17,35,7,1.7677
18-36,18,36,7,1.7677
18-44,18,44,7,1.7677
19-29,19,29,7,1.7677
19-35,19,35,7,1.7677
20-29,20,29,7,1.7677
20-41,20,41,7,1.7677
20-42,20,42,7,1.7677
20-45,20,45,7,1.7677
22-28,22,28,7,1.7677
22-37,22,37,7,1.7677
23-42,23,42,7,1.7677
23-44,23,44,7,1.7677
24-25,24,25,7,1.7677
25-31,25,31,7,1.7677
25-34,25,34,7,1.7677
25-39,25,39,7,1.7677
25-41,25,41,7,1.7677
25-43,25,43,7,1.7677
25-45,25,45,7,1.7677
26-45,26,45,7,1.7677
27-31,27,31,7,1.7677
27-44,27,44,7,1.7677
28-35,28,35,7,1.7677
28-41,28,41,7,1.7677
28-44,28,44,7,1.7677
29-39,29,39,7,1.7677
30-35,30,35,7,1.7677
30-40,30,40,7,1.7677
30-41,30,41,7,1.7677
31-34,31,34,7,1.7677
31-36,31,36,7,1.7677
31-37,31,37,7,1.7677
31-38,31,38,7,1.7677
31-40,31,40,7,1.7677
31-42,31,42,7,1.7677
33-41,33,41,7,1.7677
34-38,34,38,7,1.7677
34-39,34,39,7,1.7677
36-43,36,43,7,1.7677
37-39,37,39,7,1.7677
38-41,38,41,7,1.7677
38-44,38,44,7,1.7677
38-45,38,45,7,1.7677
39-43,39,43,7,1.7677
41-43,41,43,7,1.7677
43-44,43,44,7,1.7677
01-02,01,02,6,1.5152
01-08,01,08,6,1.5152
01-13,01,13,6,1.5152
01-19,01,19,6,1.5152
01-20,01,20,6,1.5152
01-23,01,23,6,1.5152
01-33,01,33,6,1.5152
01-39,01,39,6,1.5152
01-45,01,45,6,1.5152
02-13,02,13,6,1.5152
02-14,02,14,6,1.5152
02-17,02,17,6,1.5152
02-35,02,35,6,1.5152
02-38,02,38,6,1.5152
02-39,02,39,6,1.5152
02-43,02,43,6,1.5152
03-05,03,05,6,1.5152
03-15,03,15,6,1.5152
03-30,03,30,6,1.5152
03-31,03,31,6,1.5152
03-38,03,38,6,1.5152
03-39,03,39,6,1.5152
04-12,04,12,6,1.5152
04-31,04,31,6,1.5152
04-38,04,38,6,1.5152
05-11,05,11,6,1.5152
05-21,05,21,6,1.5152
05-23,05,23,6,1.5152
05-40,05,40,6,1.5152
06-09,06,09,6,1.5152
06-12,06,12,6,1.5152
06-13,06,13,6,1.5152
06-36,06,36,6,1.5152
06-37,06,37,6,1.5152
06-41,06,41,6,1.5152
06-45,06,45,6,1.5152
07-11,07,11,6,1.5152
07-23,07,23,6,1.5152
07-24,07,24,6,1.5152
07-25,07,25,6,1.5152
07-29,07,29,6,1.5152
07-33,07,33,6,1.5152
07-40,07,40,6,1.5152
07-42,07,42,6,1.5152
08-13,08,13,6,1.5152
08-19,08,19,6,1.5152
08-33,08,33,6,1.5152
08-44,08,44,6,1.5152
08-45,08,45,6,1.5152
09-13,09,13,6,1.5152
09-18,09,18,6,1.5152
09-20,09,20,6,1.5152
09-24,09,24,6,1.5152
09-30,09,30,6,1.5152
09-37,09,37,6,1.5152
09-44,09,44,6,1.5152
09-45,09,45,6,1.5152
10-17,10,17,6,1.5152
10-27,10,27,6,1.5152
10-29,10,29,6,1.5152
10-32,10,32,6,1.5152
10-33,10,33,6,1.5152
10-41,10,41,6,1.5152
10-44,10,44,6,1.5152
11-14,11,14,6,1.5152
11-17,11,17,6,1.5152
11-25,11,25,6,1.5152
11-40,11,40,6,1.5152
12-13,12,13,6,1.5152
12-15,12,15,6,1.5152
12-25,12,25,6,1.5152
12-28,12,28,6,1.5152
12-29,12,29,6,1.5152
12-32,12,32,6,1.5152
12-42,12,42,6,1.5152
12-45,12,45,6,1.5152
13-17,13,17,6,1.5152
13-21,13,21,6,1.5152
13-28,13,28,6,1.5152
13-37,13,37,6,1.5152
13-39,13,39,6,1.5152
13-43,13,43,6,1.5152
14-15,14,15,6,1.5152
15-18,15,18,6,1.5152
15-22,15,22,6,1.5152
15-28,15,28,6,1.5152
15-32,15,32,6,1.5152
16-24,16,24,6,1.5152
16-28,16,28,6,1.5152
16-33,16,33,6,1.5152
16-35,16,35,6,1.5152
16-36,16,36,6,1.5152
16-43,16,43,6,1.5152
17-19,17,19,6,1.5152
17-26,17,26,6,1.5152
17-27,17,27,6,1.5152
17-30,17,30,6,1.5152
17-34,17,34,6,1.5152
17-41,17,41,6,1.5152
17-45,17,45,6,1.5152
18-24,18,24,6,1.5152
18-28,18,28,6,1.5152
18-31,18,31,6,1.5152
18-38,18,38,6,1.5152
19-24,19,24,6,1.5152
19-25,19,25,6,1.5152
19-37,19,37,6,1.5152
20-23,20,23,6,1.5152
20-27,20,27,6,1.5152
20-40,20,40,6,1.5152
21-24,21,24,6,1.5152
21-25,21,25,6,1.5152
21-30,21,30,6,1.5152
21-35,21,35,6,1.5152
21-37,21,37,6,1.5152
22-34,22,34,6,1.5152
22-44,22,44,6,1.5152
23-24,23,24,6,1.5152
23-27,23,27,6,1.5152
23-36,23,36,6,1.5152
23-37,23,37,6,1.5152
24-29,24,29,6,1.5152
24-30,24,30,6,1.5152
24-33,24,33,6,1.5152
24-37,24,37,6,1.5152
24-39,24,39,6,1.5152
26-30,26,30,6,1.5152
26-33,26,33,6,1.5152
26-43,26,43,6,1.5152
27-39,27,39,6,1.5152
27-41,27,41,6,1.5152
28-37,28,37,6,1.5152
29-30,29,30,6,1.5152
29-33,29,33,6,1.5152
29-35,29,35,6,1.5152
29-40,29,40,6,1.5152
30-44,30,44,6,1.5152
31-33,31,33,6,1.5152
31-35,31,35,6,1.5152
31-44,31,44,6,1.5152
32-36,32,36,6,1.5152
32-43,32,43,6,1.5152
33-34,33,34,6,1.5152
33-37,33,37,6,1.5152
34-35,34,35,6,1.5152
36-37,36,37,6,1.5152
36-38,36,38,6,1.5152
36-45,36,45,6,1.5152
37-43,37,43,6,1.5152
37-44,37,44,6,1.5152
38-42,38,42,6,1.5152
39-40,39,40,6,1.5152
39-45,39,45,6,1.5152
40-41,40,41,6,1.5152
41-44,41,44,6,1.5152
41-45,41,45,6,1.5152
42-44,42,44,6,1.5152
44-45,44,45,6,1.5152
01-03,01,03,5,1.2626
01-11,01,11,5,1.2626
01-32,01,32,5,1.2626
01-35,01,35,5,1.2626
01-38,01,38,5,1.2626
01-40,01,40,5,1.2626
02-10,02,10,5,1.2626
02-22,02,22,5,1.2626
02-33,02,33,5,1.2626
02-44,02,44,5,1.2626
02-45,02,45,5,1.2626
03-08,03,08,5,1.2626
03-13,03,13,5,1.2626
03-22,03,22,5,1.2626
03-25,03,25,5,1.2626
03-33,03,33,5,1.2626
03-34,03,34,5,1.2626
03-44,03,44,5,1.2626
04-26,04,26,5,1.2626
04-34,04,34,5,1.2626
04-37,04,37,5,1.2626
05-10,05,10,5,1.2626
05-12,05,12,5,1.2626
05-14,05,14,5,1.2626
05-15,05,15,5,1.2626
05-16,05,16,5,1.2626
05-18,05,18,5,1.2626
05-33,05,33,5,1.2626
05-35,05,35,5,1.2626
05-37,05,37,5,1.2626
05-43,05,43,5,1.2626
05-44,05,44,5,1.2626
05-45,05,45,5,1.2626
06-08,06,08,5,1.2626
06-14,06,14,5,1.2626
06-25,06,25,5,1.2626
06-26,06,26,5,1.2626
06-27,06,27,5,1.2626
06-43,06,43,5,1.2626
07-08,07,08,5,1.2626
07-17,07,17,5,1.2626
07-20,07,20,5,1.2626
07-30,07,30,5,1.2626
07-36,07,36,5,1.2626
07-41,07,41,5,1.2626
07-43,07,43,5,1.2626
08-09,08,09,5,1.2626
08-18,08,18,5,1.2626
08-31,08,31,5,1.2626
08-36,08,36,5,1.2626
09-10,09,10,5,1.2626
09-11,09,11,5,1.2626
09-16,09,16,5,1.2626
09-22,09,22,5,1.2626
09-23,09,23,5,1.2626
09-29,09,29,5,1.2626
09-34,09,34,5,1.2626
09-35,09,35,5,1.2626
10-23,10,23,5,1.2626
10-36,10,36,5,1.2626
10-39,10,39,5,1.2626
11-12,11,12,5,1.2626
11-20,11,20,5,1.2626
11-22,11,22,5,1.2626
11-24,11,24,5,1.2626
11-34,11,34,5,1.2626
11-35,11,35,5,1.2626
11-41,11,41,5,1.2626
11-42,11,42,5,1.2626
11-44,11,44,5,1.2626
12-21,12,21,5,1.2626
12-22,12,22,5,1.2626
12-23,12,23,5,1.2626
12-30,12,30,5,1.2626
12-35,12,35,5,1.2626
12-37,12,37,5,1.2626
12-38,12,38,5,1.2626
12-41,12,41,5,1.2626
13-22,13,22,5,1.2626
13-24,13,24,5,1.2626
13-34,13,34,5,1.2626
13-41,13,41,5,1.2626
13-44,13,44,5,1.2626
14-25,14,25,5,1.2626
14-28,14,28,5,1.2626
14-29,14,29,5,1.2626
14-32,14,32,5,1.2626
14-33,14,33,5,1.2626
14-44,14,44,5,1.2626
15-25,15,25,5,1.2626
15-41,15,41,5,1.2626
16-23,16,23,5,1.2626
16-37,16,37,5,1.2626
16-38,16,38,5,1.2626
16-45,16,45,5,1.2626
17-22,17,22,5,1.2626
17-24,17,24,5,1.2626
17-33,17,33,5,1.2626
17-38,17,38,5,1.2626
17-43,17,43,5,1.2626
18-21,18,21,5,1.2626
18-29,18,29,5,1.2626
18-30,18,30,5,1.2626
18-41,18,41,5,1.2626
18-45,18,45,5,1.2626
19-21,19,21,5,1.2626
19-34,19,34,5,1.2626
19-42,19,42,5,1.2626
19-44,19,44,5,1.2626
20-30,20,30,5,1.2626
20-33,20,33,5,1.2626
20-36,20,36,5,1.2626
20-43,20,43,5,1.2626
20-44,20,44,5,1.2626
21-27,21,27,5,1.2626
22-30,22,30,5,1.2626
22-31,22,31,5,1.2626
22-38,22,38,5,1.2626
22-40,22,40,5,1.2626
22-43,22,43,5,1.2626
23-31,23,31,5,1.2626
23-32,23,32,5,1.2626
23-34,23,34,5,1.2626
23-43,23,43,5,1.2626
24-32,24,32,5,1.2626
25-44,25,44,5,1.2626
26-29,26,29,5,1.2626
26-37,26,37,5,1.2626
26-42,26,42,5,1.2626
27-40,27,40,5,1.2626
28-30,28,30,5,1.2626
28-33,28,33,5,1.2626
28-39,28,39,5,1.2626
28-43,28,43,5,1.2626
28-45,28,45,5,1.2626
29-42,29,42,5,1.2626
30-31,30,31,5,1.2626
30-32,30,32,5,1.2626
30-37,30,37,5,1.2626
30-38,30,38,5,1.2626
30-42,30,42,5,1.2626
31-41,31,41,5,1.2626
32-35,32,35,5,1.2626
32-41,32,41,5,1.2626
32-42,32,42,5,1.2626
33-35,33,35,5,1.2626
33-38,33,38,5,1.2626
34-40,34,40,5,1.2626
34-44,34,44,5,1.2626
35-37,35,37,5,1.2626
36-41,36,41,5,1.2626
36-42,36,42,5,1.2626
38-39,38,39,5,1.2626
41-42,41,42,5,1.2626
42-43,42,43,5,1.2626
43-45,43,45,5,1.2626
01-07,01,07,4,1.0101
01-10,01,10,4,1.0101
01-21,01,21,4,1.0101
01-22,01,22,4,1.0101
02-18,02,18,4,1.0101
02-20,02,20,4,1.0101
02-23,02,23,4,1.0101
02-25,02,25,4,1.0101
02-32,02,32,4,1.0101
02-34,02,34,4,1.0101
03-19,03,19,4,1.0101
03-26,03,26,4,1.0101
04-15,04,15,4,1.0101
04-29,04,29,4,1.0101
04-35,04,35,4,1.0101
05-20,05,20,4,1.0101
05-27,05,27,4,1.0101
06-16,06,16,4,1.0101
06-29,06,29,4,1.0101
07-16,07,16,4,1.0101
07-19,07,19,4,1.0101
07-21,07,21,4,1.0101
07-26,07,26,4,1.0101
07-27,07,27,4,1.0101
07-38,07,38,4,1.0101
07-44,07,44,4,1.0101
07-45,07,45,4,1.0101
08-14,08,14,4,1.0101
08-21,08,21,4,1.0101
08-22,08,22,4,1.0101
08-26,08,26,4,1.0101
08-40,08,40,4,1.0101
09-12,09,12,4,1.0101
09-15,09,15,4,1.0101
09-28,09,28,4,1.0101
09-38,09,38,4,1.0101
09-39,09,39,4,1.0101
09-41,09,41,4,1.0101
10-16,10,16,4,1.0101
10-28,10,28,4,1.0101
10-31,10,31,4,1.0101
10-40,10,40,4,1.0101
10-45,10,45,4,1.0101
11-13,11,13,4,1.0101
11-16,11,16,4,1.0101
11-23,11,23,4,1.0101
11-28,11,28,4,1.0101
11-29,11,29,4,1.0101
12-20,12,20,4,1.0101
12-31,12,31,4,1.0101
12-34,12,34,4,1.0101
13-31,13,31,4,1.0101
13-42,13,42,4,1.0101
14-26,14,26,4,1.0101
14-34,14,34,4,1.0101
14-35,14,35,4,1.0101
14-37,14,37,4,1.0101
14-39,14,39,4,1.0101
14-40,14,40,4,1.0101
15-16,15,16,4,1.0101
15-21,15,21,4,1.0101
15-23,15,23,4,1.0101
15-31,15,31,4,1.0101
15-35,15,35,4,1.0101
15-36,15,36,4,1.0101
15-40,15,40,4,1.0101
16-18,16,18,4,1.0101
16-19,16,19,4,1.0101
16-20,16,20,4,1.0101
16-22,16,22,4,1.0101
16-25,16,25,4,1.0101
16-27,16,27,4,1.0101
16-32,16,32,4,1.0101
16-42,16,42,4,1.0101
16-44,16,44,4,1.0101
17-21,17,21,4,1.0101
17-23,17,23,4,1.0101
17-36,17,36,4,1.0101
17-37,17,37,4,1.0101
17-44,17,44,4,1.0101
18-22,18,22,4,1.0101
18-32,18,32,4,1.0101
19-23,19,23,4,1.0101
19-27,19,27,4,1.0101
19-28,19,28,4,1.0101
19-32,19,32,4,1.0101
19-33,19,33,4,1.0101
19-39,19,39,4,1.0101
19-45,19,45,4,1.0101
20-22,20,22,4,1.0101
21-26,21,26,4,1.0101
21-28,21,28,4,1.0101
21-29,21,29,4,1.0101
21-38,21,38,4,1.0101
21-39,21,39,4,1.0101
21-42,21,42,4,1.0101
22-23,22,23,4,1.0101
22-24,22,24,4,1.0101
22-26,22,26,4,1.0101
22-39,22,39,4,1.0101
22-41,22,41,4,1.0101
22-42,22,42,4,1.0101
23-30,23,30,4,1.0101
23-33,23,33,4,1.0101
23-39,23,39,4,1.0101
24-31,24,31,4,1.0101
24-34,24,34,4,1.0101
25-32,25,32,4,1.0101
25-38,25,38,4,1.0101
26-35,26,35,4,1.0101
26-36,26,36,4,1.0101
27-28,27,28,4,1.0101
28-32,28,32,4,1.0101
28-36,28,36,4,1.0101
29-37,29,37,4,1.0101
29-38,29,38,4,1.0101
29-43,29,43,4,1.0101
29-44,29,44,4,1.0101
30-33,30,33,4,1.0101
31-39,31,39,4,1.0101
31-43,31,43,4,1.0101
32-33,32,33,4,1.0101
32-37,32,37,4,1.0101
33-36,33,36,4,1.0101
33-39,33,39,4,1.0101
34-43,34,43,4,1.0101
36-40,36,40,4,1.0101
37-41,37,41,4,1.0101
37-45,37,45,4,1.0101
38-43,38,43,4,1.0101
39-42,39,42,4,1.0101
40-44,40,44,4,1.0101
01-16,01,16,3,0.7576
01-26,01,26,3,0.7576
01-36,01,36,3,0.7576
01-37,01,37,3,0.7576
02-05,02,05,3,0.7576
02-07,02,07,3,0.7576
02-26,02,26,3,0.7576
02-29,02,29,3,0.7576
02-37,02,37,3,0.7576
02-42,02,42,3,0.7576
03-14,03,14,3,0.7576
04-20,04,20,3,0.7576
05-26,05,26,3,0.7576
05-30,05,30,3,0.7576
06-38,06,38,3,0.7576
06-39,06,39,3,0.7576
06-44,06,44,3,0.7576
07-15,07,15,3,0.7576
08-10,08,10,3,0.7576
08-16,08,16,3,0.7576
08-20,08,20,3,0.7576
08-23,08,23,3,0.7576
08-37,08,37,3,0.7576
09-19,09,19,3,0.7576
09-25,09,25,3,0.7576
09-26,09,26,3,0.7576
10-12,10,12,3,0.7576
10-20,10,20,3,0.7576
10-22,10,22,3,0.7576
10-34,10,34,3,0.7576
10-38,10,38,3,0.7576
11-39,11,39,3,0.7576
11-45,11,45,3,0.7576
12-14,12,14,3,0.7576
12-40,12,40,3,0.7576
12-43,12,43,3,0.7576
13-15,13,15,3,0.7576
13-19,13,19,3,0.7576
13-20,13,20,3,0.7576
13-26,13,26,3,0.7576
13-29,13,29,3,0.7576
13-40,13,40,3,0.7576
14-21,14,21,3,0.7576
14-23,14,23,3,0.7576
14-24,14,24,3,0.7576
14-38,14,38,3,0.7576
14-45,14,45,3,0.7576
15-19,15,19,3,0.7576
15-20,15,20,3,0.7576
15-26,15,26,3,0.7576
15-39,15,39,3,0.7576
16-26,16,26,3,0.7576
16-29,16,29,3,0.7576
16-30,16,30,3,0.7576
16-34,16,34,3,0.7576
16-40,16,40,3,0.7576
16-41,16,41,3,0.7576
17-18,17,18,3,0.7576
18-20,18,20,3,0.7576
18-26,18,26,3,0.7576
18-27,18,27,3,0.7576
18-34,18,34,3,0.7576
19-20,19,20,3,0.7576
19-26,19,26,3,0.7576
19-30,19,30,3,0.7576
20-21,20,21,3,0.7576
20-24,20,24,3,0.7576
20-32,20,32,3,0.7576
20-34,20,34,3,0.7576
21-23,21,23,3,0.7576
21-32,21,32,3,0.7576
21-36,21,36,3,0.7576
22-27,22,27,3,0.7576
22-29,22,29,3,0.7576
22-32,22,32,3,0.7576
22-35,22,35,3,0.7576
22-36,22,36,3,0.7576
22-45,22,45,3,0.7576
23-25,23,25,3,0.7576
23-29,23,29,3,0.7576
23-41,23,41,3,0.7576
25-29,25,29,3,0.7576
26-27,26,27,3,0.7576
26-32,26,32,3,0.7576
26-34,26,34,3,0.7576
26-40,26,40,3,0.7576
27-32,27,32,3,0.7576
28-38,28,38,3,0.7576
29-32,29,32,3,0.7576
30-34,30,34,3,0.7576
32-39,32,39,3,0.7576
32-40,32,40,3,0.7576
32-44,32,44,3,0.7576
35-36,35,36,3,0.7576
37-38,37,38,3,0.7576
38-40,38,40,3,0.7576
02-08,02,08,2,0.5051
03-29,03,29,2,0.5051
05-07,05,07,2,0.5051
05-32,05,32,2,0.5051
06-19,06,19,2,0.5051
07-18,07,18,2,0.5051
07-31,07,31,2,0.5051
07-32,07,32,2,0.5051
11-26,11,26,2,0.5051
11-27,11,27,2,0.5051
12-18,12,18,2,0.5051
12-26,12,26,2,0.5051
13-16,13,16,2,0.5051
13-36,13,36,2,0.5051
13-38,13,38,2,0.5051
15-34,15,34,2,0.5051
16-21,16,21,2,0.5051
16-39,16,39,2,0.5051
19-22,19,22,2,0.5051
20-25,20,25,2,0.5051
20-26,20,26,2,0.5051
20-37,20,37,2,0.5051
20-38,20,38,2,0.5051
20-39,20,39,2,0.5051
21-22,21,22,2,0.5051
21-31,21,31,2,0.5051
21-40,21,40,2,0.5051
24-26,24,26,2,0.5051
25-26,25,26,2,0.5051
26-31,26,31,2,0.5051
26-38,26,38,2,0.5051
26-41,26,41,2,0.5051
26-44,26,44,2,0.5051
27-30,27,30,2,0.5051
30-36,30,36,2,0.5051
30-45,30,45,2,0.5051
36-39,36,39,2,0.5051
37-40,37,40,2,0.5051
40-43,40,43,2,0.5051
02-16,02,16,1,0.2525
05-39,05,39,1,0.2525
06-22,06,22,1,0.2525
07-10,07,10,1,0.2525
07-14,07,14,1,0.2525
10-13,10,13,1,0.2525
10-26,10,26,1,0.2525
12-16,12,16,1,0.2525
12-39,12,39,1,0.2525
12-44,12,44,1,0.2525
13-45,13,45,1,0.2525
18-39,18,39,1,0.2525
19-40,19,40,1,0.2525
19-43,19,43,1,0.2525
20-35,20,35,1,0.2525
26-28,26,28,1,0.2525
31-32,31,32,1,0.2525
32-38,32,38,1,0.2525
