draw_index,game_code,draw_date,draw_time,combination,sum,mean,minimum,maximum,span,even_count,odd_count,low_count,high_count,unique_values,adjacent_consecutive_pairs,shared_values_with_previous_draw
1,6DL,2023-12-23,21:00,415044,18,3,0,5,5,4,2,5,1,4,0,
2,6DL,2023-12-26,21:00,652227,24,4,2,7,5,4,2,3,3,4,1,1
3,6DL,2023-12-28,21:00,177812,26,4.333,1,8,7,2,4,3,3,4,2,2
4,6DL,2023-12-30,21:00,938029,31,5.167,0,9,9,3,3,3,3,5,0,2
5,6DL,2024-01-02,21:00,112725,18,3,1,7,6,2,4,4,2,4,1,1
6,6DL,2024-01-04,21:00,078413,23,3.833,0,8,8,3,3,4,2,6,1,2
7,6DL,2024-01-06,21:00,908534,29,4.833,0,9,9,3,3,3,3,6,1,4
8,6DL,2024-01-09,21:00,836775,36,6,3,8,5,2,4,1,5,5,1,3
9,6DL,2024-01-11,21:00,498466,37,6.167,4,9,5,5,1,2,4,4,1,2
10,6DL,2024-01-13,21:00,445139,26,4.333,1,9,8,2,4,4,2,5,1,2
11,6DL,2024-01-16,21:00,136676,29,4.833,1,7,6,3,3,2,4,4,2,2
12,6DL,2024-01-18,21:00,783400,22,3.667,0,8,8,4,2,4,2,5,2,2
13,6DL,2024-01-20,21:00,521980,25,4.167,0,9,9,3,3,3,3,6,2,2
14,6DL,2024-01-23,21:00,599516,35,5.833,1,9,8,1,5,1,5,4,0,3
15,6DL,2024-01-25,21:00,981417,30,5,1,9,8,2,4,3,3,5,1,2
16,6DL,2024-01-27,21:00,103370,14,2.333,0,7,7,2,4,5,1,4,1,2
17,6DL,2024-01-30,21:00,159631,25,4.167,1,9,8,1,5,3,3,5,0,2
18,6DL,2024-02-01,21:00,894666,39,6.5,4,9,5,5,1,1,5,4,1,2
19,6DL,2024-02-03,21:00,376517,29,4.833,1,7,6,1,5,2,4,5,2,1
20,6DL,2024-02-06,21:00,609157,28,4.667,0,9,9,2,4,2,4,6,0,4
21,6DL,2024-02-08,21:00,722233,19,3.167,2,7,5,3,3,5,1,3,1,1
22,6DL,2024-02-10,21:00,807897,39,6.5,0,9,9,3,3,1,5,4,2,1
23,6DL,2024-02-13,21:00,144067,22,3.667,0,7,7,4,2,4,2,5,1,2
24,6DL,2024-02-15,21:00,375025,22,3.667,0,7,7,2,4,3,3,5,0,2
25,6DL,2024-02-17,21:00,206554,22,3.667,0,6,6,4,2,3,3,5,2,3
26,6DL,2024-02-20,21:00,725885,35,5.833,2,8,6,3,3,1,5,4,0,2
27,6DL,2024-02-22,21:00,359851,31,5.167,1,9,8,1,5,2,4,5,1,2
28,6DL,2024-02-24,21:00,174385,28,4.667,1,8,7,2,4,3,3,6,1,4
29,6DL,2024-02-27,21:00,405297,27,4.5,0,9,9,3,3,3,3,6,0,3
30,6DL,2024-02-29,21:00,007816,22,3.667,0,8,8,4,2,3,3,5,1,2
31,6DL,2024-03-02,21:00,894997,46,7.667,4,9,5,2,4,1,5,4,1,2
32,6DL,2024-03-05,21:00,377501,23,3.833,0,7,7,1,5,3,3,5,1,1
33,6DL,2024-03-07,21:00,490753,28,4.667,0,9,9,2,4,3,3,6,0,4
34,6DL,2024-03-09,21:00,416881,28,4.667,1,8,7,4,2,3,3,4,0,1
35,6DL,2024-03-12,21:00,570959,35,5.833,0,9,9,1,5,1,5,4,0,0
36,6DL,2024-03-14,21:00,289251,27,4.5,1,9,8,3,3,3,3,5,1,2
37,6DL,2024-03-16,21:00,762234,24,4,2,7,5,4,2,4,2,5,3,1
38,6DL,2024-03-19,21:00,116044,16,2.667,0,6,6,4,2,5,1,4,0,2
39,6DL,2024-03-21,21:00,857582,35,5.833,2,8,6,3,3,1,5,4,0,0
40,6DL,2024-03-23,21:00,898630,34,5.667,0,9,9,4,2,2,4,5,2,1
41,6DL,2024-03-26,21:00,258414,24,4,1,8,7,4,2,4,2,5,0,1
42,6DL,2024-04-02,21:00,216617,23,3.833,1,7,6,3,3,3,3,4,1,2
43,6DL,2024-04-04,21:00,662888,38,6.333,2,8,6,6,0,1,5,3,0,2
44,6DL,2024-04-06,21:00,928295,35,5.833,2,9,7,3,3,2,4,4,0,2
45,6DL,2024-04-09,21:00,068138,26,4.333,0,8,8,4,2,3,3,5,0,1
46,6DL,2024-04-11,21:00,332519,23,3.833,1,9,8,1,5,4,2,5,1,2
47,6DL,2024-04-13,21:00,705464,26,4.333,0,7,7,4,2,3,3,5,1,1
48,6DL,2024-04-16,21:00,259929,36,6,2,9,7,2,4,2,4,3,0,1
49,6DL,2024-04-18,21:00,823189,31,5.167,1,9,8,3,3,3,3,5,2,2
50,6DL,2024-04-20,21:00,877602,30,5,0,8,8,4,2,2,4,5,2,2
51,6DL,2024-04-23,21:00,626624,26,4.333,2,6,4,6,0,3,3,3,0,2
52,6DL,2024-04-25,21:00,212322,12,2,1,3,2,4,2,6,0,3,4,1
53,6DL,2024-04-27,21:00,588190,31,5.167,0,9,9,3,3,2,4,5,0,1
54,6DL,2024-04-30,21:00,724563,27,4.5,2,7,5,3,3,3,3,6,2,1
55,6DL,2024-05-02,21:00,258773,32,5.333,2,8,6,2,4,2,4,5,1,4
56,6DL,2024-05-04,21:00,906600,21,3.5,0,9,9,5,1,3,3,3,0,0
57,6DL,2024-05-07,21:00,218640,21,3.5,0,8,8,5,1,4,2,6,1,2
58,6DL,2024-05-09,21:00,997439,41,6.833,3,9,6,1,5,2,4,4,1,1
59,6DL,2024-05-11,21:00,241739,26,4.333,1,9,8,2,4,4,2,6,0,4
60,6DL,2024-05-14,21:00,944055,27,4.5,0,9,9,3,3,3,3,4,0,2
61,6DL,2024-05-16,21:00,551758,31,5.167,1,8,7,1,5,1,5,4,0,1
62,6DL,2024-05-18,21:00,615753,27,4.5,1,7,6,1,5,2,4,5,0,3
63,6DL,2024-05-21,21:00,331940,20,3.333,0,9,9,2,4,5,1,5,0,2
64,6DL,2024-05-23,21:00,949609,37,6.167,0,9,9,3,3,2,4,4,0,3
65,6DL,2024-05-25,21:00,506448,27,4.5,0,8,8,5,1,3,3,5,0,3
66,6DL,2024-05-28,21:00,526861,28,4.667,1,8,7,4,2,2,4,5,0,3
67,6DL,2024-05-30,21:00,003203,8,1.333,0,3,3,4,2,6,0,3,1,1
68,6DL,2024-06-01,21:00,708302,20,3.333,0,8,8,4,2,4,2,5,0,3
69,6DL,2024-06-04,21:00,596662,34,5.667,2,9,7,4,2,1,5,4,0,1
70,6DL,2024-06-06,21:00,492356,29,4.833,2,9,7,3,3,3,3,6,2,4
71,6DL,2024-06-08,21:00,494200,19,3.167,0,9,9,5,1,5,1,4,0,3
72,6DL,2024-06-11,21:00,269317,28,4.667,1,9,8,2,4,3,3,6,0,2
73,6DL,2024-06-13,21:00,688401,27,4.5,0,8,8,5,1,3,3,5,1,2
74,6DL,2024-06-15,21:00,910643,23,3.833,0,9,9,3,3,4,2,6,2,4
75,6DL,2024-06-18,21:00,494166,30,5,1,9,8,4,2,3,3,4,0,4
76,6DL,2024-06-20,21:00,400784,23,3.833,0,8,8,5,1,4,2,4,1,1
77,6DL,2024-06-22,21:00,642663,27,4.5,2,6,4,5,1,3,3,4,0,1
78,6DL,2024-06-25,21:00,092761,25,4.167,0,9,9,3,3,3,3,6,1,2
79,6DL,2024-06-27,21:00,399697,43,7.167,3,9,6,1,5,1,5,4,0,3
80,6DL,2024-06-29,21:00,909923,32,5.333,0,9,9,2,4,3,3,4,1,2
81,6DL,2024-07-02,21:00,482168,29,4.833,1,8,7,5,1,3,3,5,1,1
82,6DL,2024-07-04,21:00,778503,30,5,0,8,8,2,4,2,4,5,1,1
83,6DL,2024-07-06,21:00,289454,32,5.333,2,9,7,4,2,3,3,5,3,2
84,6DL,2024-07-09,21:00,770542,25,4.167,0,7,7,3,3,3,3,5,1,3
85,6DL,2024-07-11,21:00,717227,26,4.333,1,7,6,2,4,3,3,3,0,2
86,6DL,2024-07-13,21:00,212073,15,2.5,0,7,7,3,3,5,1,5,2,3
87,6DL,2024-07-16,21:00,668396,38,6.333,3,9,6,4,2,1,5,4,0,1
88,6DL,2024-07-18,21:00,868722,33,5.5,2,8,6,5,1,2,4,4,1,2
89,6DL,2024-07-20,21:00,103644,18,3,0,6,6,4,2,5,1,5,1,1
90,6DL,2024-07-23,21:00,487714,31,5.167,1,8,7,3,3,3,3,4,1,2
91,6DL,2024-07-25,21:00,093267,27,4.5,0,9,9,3,3,3,3,6,2,1
92,6DL,2024-07-27,21:00,441589,31,5.167,1,9,8,3,3,3,3,5,1,1
93,6DL,2024-07-30,21:00,658812,30,5,1,8,7,4,2,2,4,5,2,3
94,6DL,2024-08-01,21:00,585267,33,5.5,2,8,6,3,3,1,5,5,1,4
95,6DL,2024-08-03,21:00,275465,29,4.833,2,7,5,3,3,2,4,5,2,4
96,6DL,2024-08-06,21:00,461458,28,4.667,1,8,7,4,2,3,3,5,1,3
97,6DL,2024-08-08,21:00,350182,19,3.167,0,8,8,3,3,4,2,6,1,3
98,6DL,2024-08-10,21:00,134543,20,3.333,1,5,4,2,4,5,1,4,4,3
99,6DL,2024-08-13,21:00,815657,32,5.333,1,8,7,2,4,1,5,5,2,2
100,6DL,2024-08-15,21:00,908662,31,5.167,0,9,9,5,1,2,4,5,0,2
101,6DL,2024-08-17,21:00,347543,26,4.333,3,7,4,2,4,4,2,4,3,0
102,6DL,2024-08-20,21:00,083184,24,4,0,8,8,4,2,4,2,5,0,2
103,6DL,2024-08-22,21:00,933193,28,4.667,1,9,8,0,6,4,2,3,0,2
104,6DL,2024-08-24,21:00,934557,33,5.5,3,9,6,1,5,2,4,5,2,2
105,6DL,2024-08-27,21:00,015448,22,3.667,0,8,8,4,2,4,2,5,2,2
106,6DL,2024-08-29,21:00,774254,29,4.833,2,7,5,3,3,3,3,4,1,2
107,6DL,2024-08-31,21:00,372745,28,4.667,2,7,5,2,4,3,3,5,1,4
108,6DL,2024-09-03,21:00,709705,28,4.667,0,9,9,2,4,2,4,4,0,2
109,6DL,2024-09-05,21:00,635682,30,5,2,8,6,4,2,2,4,5,1,1
110,6DL,2024-09-07,21:00,129259,28,4.667,1,9,8,2,4,3,3,4,1,2
111,6DL,2024-09-10,21:00,335980,28,4.667,0,9,9,2,4,3,3,5,1,2
112,6DL,2024-09-12,21:00,293105,20,3.333,0,9,9,2,4,4,2,6,1,4
113,6DL,2024-09-14,21:00,867522,30,5,2,8,6,4,2,2,4,5,1,2
114,6DL,2024-09-17,21:00,092351,20,3.333,0,9,9,2,4,4,2,6,1,2
115,6DL,2024-09-19,21:00,759301,25,4.167,0,9,9,1,5,3,3,6,1,5
116,6DL,2024-09-21,21:00,654873,33,5.5,3,8,5,3,3,2,4,6,3,3
117,6DL,2024-09-24,21:00,662438,29,4.833,2,8,6,5,1,3,3,5,1,4
118,6DL,2024-09-26,21:00,430461,18,3,0,6,6,4,2,5,1,5,1,3
119,6DL,2024-09-28,21:00,716762,29,4.833,1,7,6,3,3,2,4,4,2,2
120,6DL,2024-10-01,21:00,878614,34,5.667,1,8,7,4,2,2,4,5,2,3
121,6DL,2024-10-03,21:00,942167,29,4.833,1,9,8,3,3,3,3,6,2,4
122,6DL,2024-10-05,21:00,929858,41,6.833,2,9,7,3,3,1,5,4,1,2
123,6DL,2024-10-08,21:00,796401,27,4.5,0,9,9,3,3,3,3,6,1,1
124,6DL,2024-10-10,21:00,079896,39,6.5,0,9,9,3,3,1,5,5,2,4
125,6DL,2024-10-12,21:00,430467,24,4,0,7,7,4,2,4,2,5,2,3
126,6DL,2024-10-15,21:00,217007,17,2.833,0,7,7,3,3,4,2,4,1,2
127,6DL,2024-10-17,21:00,933234,24,4,2,9,7,2,4,5,1,4,3,1
128,6DL,2024-10-19,21:00,800613,18,3,0,8,8,4,2,4,2,5,0,1
129,6DL,2024-10-22,21:00,002151,9,1.5,0,5,5,3,3,5,1,4,1,2
130,6DL,2024-10-24,21:00,113852,20,3.333,1,8,7,2,4,4,2,5,0,3
131,6DL,2024-10-26,21:00,443876,32,5.333,3,8,5,4,2,3,3,5,3,2
132,6DL,2024-10-29,21:00,266446,28,4.667,2,6,4,6,0,3,3,3,0,2
133,6DL,2024-10-31,21:00,923008,22,3.667,0,9,9,4,2,4,2,5,1,1
134,6DL,2024-11-02,21:00,279533,29,4.833,2,9,7,1,5,3,3,5,0,3
135,6DL,2024-11-05,21:00,864115,25,4.167,1,8,7,3,3,3,3,5,0,1
136,6DL,2024-11-07,21:00,665521,25,4.167,1,6,5,3,3,2,4,4,2,3
137,6DL,2024-11-09,21:00,183017,20,3.333,0,8,8,2,4,4,2,5,1,1
138,6DL,2024-11-26,21:00,641037,21,3.5,0,7,7,3,3,4,2,6,1,4
139,6DL,2024-11-28,21:00,451741,22,3.667,1,7,6,2,4,4,2,4,1,3
140,6DL,2024-11-30,21:00,818529,33,5.5,1,9,8,3,3,2,4,5,0,2
141,6DL,2024-12-03,21:00,720934,25,4.167,0,9,9,3,3,4,2,6,1,2
142,6DL,2024-12-05,21:00,918533,29,4.833,1,9,8,1,5,3,3,5,0,2
143,6DL,2024-12-07,21:00,185004,18,3,0,8,8,4,2,4,2,5,0,3
144,6DL,2024-12-10,21:00,383183,26,4.333,1,8,7,2,4,4,2,3,0,2
145,6DL,2024-12-12,21:00,835082,26,4.333,0,8,8,4,2,3,3,5,0,2
146,6DL,2024-12-14,21:00,610135,16,2.667,0,6,6,2,4,4,2,5,2,3
147,6DL,2024-12-17,21:00,471991,31,5.167,1,9,8,1,5,3,3,4,0,1
148,6DL,2024-12-19,21:00,492987,39,6.5,2,9,7,3,3,2,4,5,2,3
149,6DL,2024-12-21,21:00,029618,26,4.333,0,9,9,4,2,3,3,6,0,3
150,6DL,2024-12-24,21:00,607084,25,4.167,0,8,8,5,1,3,3,5,0,3
151,6DL,2024-12-26,21:00,739047,30,5,0,9,9,2,4,3,3,5,0,3
152,6DL,2024-12-28,21:00,905387,32,5.333,0,9,9,2,4,2,4,6,1,4
153,6DL,2024-12-31,21:00,589964,41,6.833,4,9,5,3,3,1,5,5,1,3
154,6DL,2025-01-02,21:00,626764,31,5.167,2,7,5,5,1,2,4,4,2,2
155,6DL,2025-01-04,21:00,471651,24,4,1,7,6,2,4,3,3,5,1,3
156,6DL,2025-01-07,21:00,270468,27,4.5,0,8,8,5,1,3,3,6,0,3
157,6DL,2025-01-09,21:00,311994,27,4.5,1,9,8,1,5,4,2,4,0,1
158,6DL,2025-01-11,21:00,479395,37,6.167,3,9,6,1,5,2,4,5,0,3
159,6DL,2025-01-14,21:00,414262,19,3.167,1,6,5,5,1,5,1,4,0,1
160,6DL,2025-01-16,21:00,940373,26,4.333,0,9,9,2,4,4,2,5,0,1
161,6DL,2025-01-18,21:00,419724,27,4.5,1,9,8,3,3,4,2,5,0,3
162,6DL,2025-01-21,21:00,900240,15,2.5,0,9,9,5,1,5,1,4,0,3
163,6DL,2025-01-23,21:00,971864,35,5.833,1,9,8,3,3,2,4,6,0,2
164,6DL,2025-01-25,21:00,794944,37,6.167,4,9,5,3,3,3,3,3,0,3
165,6DL,2025-01-28,21:00,300262,13,2.167,0,6,6,5,1,5,1,4,0,0
166,6DL,2025-01-30,21:00,586542,30,5,2,8,6,4,2,2,4,5,2,2
167,6DL,2025-02-01,21:00,116290,19,3.167,0,9,9,3,3,4,2,5,0,2
168,6DL,2025-02-04,21:00,031852,19,3.167,0,8,8,3,3,4,2,6,0,3
169,6DL,2025-02-06,21:00,104036,14,2.333,0,6,6,4,2,5,1,5,1,3
170,6DL,2025-02-08,21:00,205139,20,3.333,0,9,9,2,4,4,2,6,0,3
171,6DL,2025-02-11,21:00,471424,22,3.667,1,7,6,4,2,5,1,4,0,2
172,6DL,2025-02-13,21:00,101756,20,3.333,0,7,7,2,4,3,3,5,3,2
173,6DL,2025-02-15,21:00,957734,35,5.833,3,9,6,1,5,2,4,5,1,2
174,6DL,2025-02-18,21:00,564102,18,3,0,6,6,4,2,4,2,6,2,2
175,6DL,2025-02-20,21:00,999098,44,7.333,0,9,9,2,4,1,5,3,1,1
176,6DL,2025-02-22,21:00,196176,30,5,1,9,8,2,4,2,4,4,1,1
177,6DL,2025-02-25,21:00,560434,22,3.667,0,6,6,4,2,4,2,5,3,1
178,6DL,2025-02-27,21:00,170039,20,3.333,0,9,9,2,4,4,2,5,0,2
179,6DL,2025-03-01,21:00,887541,33,5.5,1,8,7,3,3,2,4,5,2,2
180,6DL,2025-03-04,21:00,526898,38,6.333,2,9,7,4,2,1,5,5,2,2
181,6DL,2025-03-06,21:00,973066,31,5.167,0,9,9,3,3,2,4,5,0,2
182,6DL,2025-03-08,21:00,145333,19,3.167,1,5,4,1,5,5,1,4,1,1
183,6DL,2025-03-11,21:00,802394,26,4.333,0,9,9,4,2,4,2,6,1,2
184,6DL,2025-03-13,21:00,581674,31,5.167,1,8,7,3,3,2,4,6,1,2
185,6DL,2025-03-15,21:00,515247,24,4,1,7,6,2,4,3,3,5,0,4
186,6DL,2025-03-18,21:00,663356,29,4.833,3,6,3,3,3,2,4,3,1,1
187,6DL,2025-03-20,21:00,825849,36,6,2,9,7,4,2,2,4,5,0,1
188,6DL,2025-03-22,21:00,054751,22,3.667,0,7,7,2,4,3,3,5,1,2
189,6DL,2025-03-25,21:00,607452,24,4,0,7,7,4,2,3,3,6,1,4
190,6DL,2025-03-27,21:00,721754,26,4.333,1,7,6,2,4,3,3,5,2,4
191,6DL,2025-03-29,21:00,714415,22,3.667,1,7,6,2,4,4,2,4,0,4
192,6DL,2025-04-01,21:00,768902,32,5.333,0,9,9,4,2,2,4,6,2,1
193,6DL,2025-04-03,21:00,766589,41,6.833,5,9,4,3,3,0,6,5,3,4
194,6DL,2025-04-05,21:00,192916,28,4.667,1,9,8,2,4,3,3,4,0,2
195,6DL,2025-04-08,21:00,233278,25,4.167,2,8,6,3,3,4,2,4,3,1
196,6DL,2025-04-10,21:00,517880,29,4.833,0,8,8,3,3,2,4,5,1,2
197,6DL,2025-04-12,21:00,214260,15,2.5,0,6,6,5,1,5,1,5,1,2
198,6DL,2025-04-15,21:00,838501,25,4.167,0,8,8,3,3,3,3,5,1,2
199,6DL,2025-04-22,21:00,078454,28,4.667,0,8,8,4,2,3,3,5,3,3
200,6DL,2025-04-24,21:00,927776,38,6.333,2,9,7,2,4,1,5,4,1,1
201,6DL,2025-04-26,21:00,279424,28,4.667,2,9,7,4,2,4,2,4,0,3
202,6DL,2025-04-29,21:00,269650,28,4.667,0,9,9,4,2,2,4,5,1,2
203,6DL,2025-05-01,21:00,065721,21,3.5,0,7,7,3,3,3,3,6,2,4
204,6DL,2025-05-03,21:00,020882,20,3.333,0,8,8,6,0,4,2,3,0,2
205,6DL,2025-05-06,21:00,901504,19,3.167,0,9,9,3,3,4,2,5,1,1
206,6DL,2025-05-08,21:00,406582,25,4.167,0,8,8,5,1,3,3,6,1,3
207,6DL,2025-05-10,21:00,267018,24,4,0,8,8,4,2,3,3,6,2,4
208,6DL,2025-05-13,21:00,321094,19,3.167,0,9,9,3,3,5,1,6,3,3
209,6DL,2025-05-15,21:00,051591,21,3.5,0,9,9,1,5,3,3,4,0,3
210,6DL,2025-05-17,21:00,104253,15,2.5,0,5,5,3,3,5,1,6,1,3
211,6DL,2025-05-20,21:00,550520,17,2.833,0,5,5,3,3,3,3,3,0,3
212,6DL,2025-05-22,21:00,980178,33,5.5,0,9,9,3,3,2,4,5,3,1
213,6DL,2025-05-24,21:00,357192,27,4.5,1,9,8,1,5,3,3,6,0,3
214,6DL,2025-05-27,21:00,293253,24,4,2,9,7,2,4,4,2,4,1,4
215,6DL,2025-05-29,21:00,393809,32,5.333,0,9,9,2,4,3,3,4,0,2
216,6DL,2025-05-31,21:00,843739,34,5.667,3,9,6,2,4,3,3,5,1,3
217,6DL,2025-06-03,21:00,969422,32,5.333,2,9,7,4,2,3,3,4,0,2
218,6DL,2025-06-05,21:00,834492,30,5,2,9,7,4,2,4,2,5,1,3
219,6DL,2025-06-07,21:00,035860,22,3.667,0,8,8,4,2,3,3,5,0,2
220,6DL,2025-06-10,21:00,440657,26,4.333,0,7,7,4,2,3,3,5,1,3
221,6DL,2025-06-12,21:00,727397,35,5.833,2,9,7,1,5,2,4,4,0,1
222,6DL,2025-06-14,21:00,960030,18,3,0,9,9,4,2,4,2,4,0,2
223,6DL,2025-06-17,21:00,599114,29,4.833,1,9,8,1,5,3,3,4,0,1
224,6DL,2025-06-19,21:00,835466,32,5.333,3,8,5,4,2,2,4,5,1,2
225,6DL,2025-06-21,21:00,568315,28,4.667,1,8,7,2,4,2,4,5,1,4
226,6DL,2025-06-24,21:00,543117,21,3.5,1,7,6,1,5,4,2,5,2,3
227,6DL,2025-06-26,21:00,047411,17,2.833,0,7,7,3,3,5,1,4,0,3
228,6DL,2025-06-28,21:00,510060,12,2,0,6,6,4,2,4,2,4,1,2
229,6DL,2025-07-01,21:00,920111,14,2.333,0,9,9,2,4,5,1,4,1,2
230,6DL,2025-07-03,21:00,002438,17,2.833,0,8,8,5,1,5,1,5,1,2
231,6DL,2025-07-05,21:00,394500,21,3.5,0,9,9,3,3,4,2,5,1,3
232,6DL,2025-07-08,21:00,707031,18,3,0,7,7,2,4,4,2,4,0,2
233,6DL,2025-07-10,21:00,224910,18,3,0,9,9,4,2,5,1,5,1,2
234,6DL,2025-07-12,21:00,862530,24,4,0,8,8,4,2,3,3,6,0,2
235,6DL,2025-07-15,21:00,719779,40,6.667,1,9,8,0,6,1,5,3,0,0
236,6DL,2025-07-17,21:00,514342,19,3.167,1,5,4,3,3,5,1,5,2,1
237,6DL,2025-07-19,21:00,088620,24,4,0,8,8,6,0,3,3,4,0,1
238,6DL,2025-07-22,21:00,970433,26,4.333,0,9,9,2,4,4,2,5,1,1
239,6DL,2025-07-24,21:00,865470,30,5,0,8,8,4,2,2,4,6,2,3
240,6DL,2025-07-26,21:00,927661,31,5.167,1,9,8,3,3,2,4,5,1,2
241,6DL,2025-07-29,21:00,796298,41,6.833,2,9,7,3,3,1,5,5,1,4
242,6DL,2025-07-31,21:00,736212,21,3.5,1,7,6,3,3,4,2,5,2,3
243,6DL,2025-08-02,21:00,913961,29,4.833,1,9,8,1,5,3,3,4,0,3
244,6DL,2025-08-05,21:00,449165,29,4.833,1,9,8,3,3,3,3,5,1,3
245,6DL,2025-08-07,21:00,823236,24,4,2,8,6,4,2,4,2,4,3,1
246,6DL,2025-08-09,21:00,547621,25,4.167,1,7,6,3,3,3,3,6,3,2
247,6DL,2025-08-12,21:00,749773,37,6.167,3,9,6,1,5,2,4,4,0,2
248,6DL,2025-08-14,21:00,497129,32,5.333,1,9,8,2,4,3,3,5,1,3
249,6DL,2025-08-16,21:00,256893,33,5.5,2,9,7,3,3,2,4,6,2,2
250,6DL,2025-08-19,21:00,780232,22,3.667,0,8,8,4,2,4,2,5,3,3
251,6DL,2025-08-21,21:00,809218,28,4.667,0,9,9,4,2,3,3,5,1,3
252,6DL,2025-08-23,21:00,367253,26,4.333,2,7,5,2,4,3,3,5,1,1
253,6DL,2025-08-26,21:00,066150,18,3,0,6,6,4,2,3,3,4,0,2
254,6DL,2025-08-28,21:00,218705,23,3.833,0,8,8,3,3,3,3,6,2,3
255,6DL,2025-08-30,21:00,058309,25,4.167,0,9,9,3,3,3,3,5,0,3
256,6DL,2025-09-02,21:00,895571,35,5.833,1,9,8,1,5,1,5,5,1,3
257,6DL,2025-09-04,21:00,331003,10,1.667,0,3,3,2,4,6,0,3,1,1
258,6DL,2025-09-06,21:00,258530,23,3.833,0,8,8,3,3,3,3,5,0,2
259,6DL,2025-09-09,21:00,726725,29,4.833,2,7,5,3,3,2,4,4,1,2
260,6DL,2025-09-11,21:00,705644,26,4.333,0,7,7,4,2,3,3,5,1,3
261,6DL,2025-09-13,21:00,859010,23,3.833,0,9,9,3,3,3,3,5,2,2
262,6DL,2025-09-16,21:00,134737,25,4.167,1,7,6,1,5,4,2,4,1,1
263,6DL,2025-09-18,21:00,104141,11,1.833,0,4,4,3,3,6,0,3,1,2
264,6DL,2025-09-20,21:00,289717,34,5.667,1,9,8,2,4,2,4,5,1,1
265,6DL,2025-09-23,21:00,653454,27,4.5,3,6,3,3,3,3,3,4,4,0
266,6DL,2025-09-25,21:00,563525,26,4.333,2,6,4,2,4,2,4,4,1,3
267,6DL,2025-09-27,21:00,429561,27,4.5,1,9,8,3,3,3,3,6,1,3
268,6DL,2025-09-30,21:00,547311,21,3.5,1,7,6,1,5,4,2,5,1,3
269,6DL,2025-10-02,21:00,048158,26,4.333,0,8,8,4,2,3,3,5,0,3
270,6DL,2025-10-04,21:00,328391,26,4.333,1,9,8,2,4,4,2,5,1,2
271,6DL,2025-10-07,21:00,790423,25,4.167,0,9,9,3,3,4,2,6,1,3
272,6DL,2025-10-09,21:00,692224,25,4.167,2,9,7,5,1,4,2,4,0,3
273,6DL,2025-10-11,21:00,797248,37,6.167,2,9,7,3,3,2,4,5,0,3
274,6DL,2025-10-14,21:00,809290,28,4.667,0,9,9,4,2,3,3,4,0,3
275,6DL,2025-10-16,21:00,783987,42,7,3,9,6,2,4,1,5,4,3,2
276,6DL,2025-10-18,21:00,662201,17,2.833,0,6,6,5,1,4,2,4,1,0
277,6DL,2025-10-21,21:00,585425,29,4.833,2,8,6,3,3,2,4,4,1,1
278,6DL,2025-10-23,21:00,812044,19,3.167,0,8,8,5,1,5,1,5,1,3
279,6DL,2025-10-25,21:00,686398,40,6.667,3,9,6,4,2,1,5,4,1,1
280,6DL,2025-10-28,21:00,095769,36,6,0,9,9,2,4,1,5,5,1,2
281,6DL,2025-10-30,21:00,911551,22,3.667,1,9,8,0,6,3,3,3,0,2
282,6DL,2025-11-01,21:00,659477,38,6.333,4,9,5,2,4,1,5,5,1,2
283,6DL,2025-11-04,21:00,693926,35,5.833,2,9,7,3,3,2,4,4,0,2
284,6DL,2025-11-06,21:00,529669,37,6.167,2,9,7,3,3,1,5,4,0,3
285,6DL,2025-11-08,21:00,936632,29,4.833,2,9,7,3,3,3,3,4,1,3
286,6DL,2025-11-11,21:00,502866,27,4.5,0,8,8,5,1,2,4,5,0,2
287,6DL,2025-11-13,21:00,205032,12,2,0,5,5,4,2,5,1,4,1,3
288,6DL,2025-11-15,21:00,662163,24,4,1,6,5,4,2,3,3,4,1,2
289,6DL,2025-11-18,21:00,333715,22,3.667,1,7,6,0,6,4,2,4,0,2
290,6DL,2025-11-20,21:00,620288,26,4.333,0,8,8,6,0,3,3,4,0,0
291,6DL,2025-11-22,21:00,392536,28,4.667,2,9,7,2,4,3,3,5,0,2
292,6DL,2025-11-25,21:00,025716,21,3.5,0,7,7,3,3,3,3,6,0,3
293,6DL,2025-11-27,21:00,090744,24,4,0,9,9,4,2,4,2,4,0,2
294,6DL,2025-11-29,21:00,421794,27,4.5,1,9,8,3,3,4,2,5,1,3
295,6DL,2025-12-02,21:00,267489,36,6,2,9,7,4,2,2,4,6,2,4
296,6DL,2025-12-04,21:00,531628,25,4.167,1,8,7,3,3,3,3,6,0,3
297,6DL,2025-12-06,21:00,267620,23,3.833,0,7,7,5,1,3,3,4,2,2
298,6DL,2025-12-09,21:00,124929,27,4.5,1,9,8,3,3,4,2,4,1,1
299,6DL,2025-12-11,21:00,509563,28,4.667,0,9,9,2,4,2,4,5,1,1
300,6DL,2025-12-13,21:00,000329,14,2.333,0,9,9,4,2,5,1,4,1,3
301,6DL,2025-12-16,21:00,946674,36,6,4,9,5,4,2,2,4,4,1,1
302,6DL,2025-12-18,21:00,309739,31,5.167,0,9,9,1,5,3,3,4,0,2
303,6DL,2025-12-20,21:00,051496,25,4.167,0,9,9,3,3,3,3,6,0,2
304,6DL,2025-12-23,21:00,133253,17,2.833,1,5,4,1,5,5,1,4,1,2
305,6DL,2025-12-25,21:00,102030,6,1,0,3,3,4,2,6,0,4,1,3
306,6DL,2025-12-27,21:00,080633,20,3.333,0,8,8,4,2,4,2,4,0,2
307,6DL,2025-12-30,21:00,175804,25,4.167,0,8,8,3,3,3,3,6,0,2
308,6DL,2026-01-01,21:00,616830,24,4,0,8,8,4,2,3,3,5,0,3
309,6DL,2026-01-03,21:00,829483,34,5.667,2,9,7,4,2,3,3,5,0,2
310,6DL,2026-01-06,21:00,566228,29,4.833,2,8,6,5,1,2,4,4,1,2
311,6DL,2026-01-08,21:00,626342,23,3.833,2,6,4,5,1,4,2,4,1,2
312,6DL,2026-01-10,21:00,238796,35,5.833,2,9,7,3,3,2,4,6,2,3
313,6DL,2026-01-13,21:00,229433,23,3.833,2,9,7,3,3,5,1,4,1,3
314,6DL,2026-01-15,21:00,664275,30,5,2,7,5,4,2,2,4,5,0,2
315,6DL,2026-01-17,21:00,481553,26,4.333,1,8,7,2,4,3,3,5,0,2
316,6DL,2026-01-20,21:00,850606,25,4.167,0,8,8,5,1,2,4,4,0,2
317,6DL,2026-01-22,21:00,243222,15,2.5,2,4,2,5,1,6,0,3,2,0
318,6DL,2026-01-24,21:00,408171,21,3.5,0,8,8,3,3,4,2,5,0,1
319,6DL,2026-01-27,21:00,271455,24,4,1,7,6,2,4,3,3,5,1,3
320,6DL,2026-01-29,21:00,615866,32,5.333,1,8,7,4,2,1,5,4,0,2
321,6DL,2026-01-31,21:00,470459,29,4.833,0,9,9,3,3,3,3,5,1,1
322,6DL,2026-02-03,21:00,494370,27,4.5,0,9,9,3,3,4,2,5,1,4
323,6DL,2026-02-05,21:00,030589,25,4.167,0,9,9,3,3,3,3,5,1,3
324,6DL,2026-02-07,21:00,134773,25,4.167,1,7,6,1,5,4,2,4,1,1
325,6DL,2026-02-10,21:00,367549,34,5.667,3,9,6,2,4,2,4,6,2,3
326,6DL,2026-02-12,21:00,322607,20,3.333,0,7,7,4,2,4,2,5,1,3
327,6DL,2026-02-14,21:00,737190,27,4.5,0,9,9,1,5,3,3,5,0,3
328,6DL,2026-02-17,21:00,345612,21,3.5,1,6,5,3,3,4,2,6,4,2
329,6DL,2026-02-19,21:00,154292,23,3.833,1,9,8,3,3,4,2,5,1,4
330,6DL,2026-02-21,21:00,175734,27,4.5,1,7,6,1,5,3,3,5,1,3
331,6DL,2026-02-24,21:00,507008,20,3.333,0,8,8,4,2,3,3,4,0,2
332,6DL,2026-02-26,21:00,372918,30,5,1,9,8,2,4,3,3,6,0,2
333,6DL,2026-02-28,21:00,969153,33,5.5,1,9,8,1,5,2,4,5,0,3
334,6DL,2026-03-03,21:00,784472,32,5.333,2,8,6,4,2,3,3,4,1,0
335,6DL,2026-03-05,21:00,720826,25,4.167,0,8,8,5,1,3,3,5,0,3
336,6DL,2026-03-07,21:00,270882,27,4.5,0,8,8,5,1,3,3,4,0,4
337,6DL,2026-03-10,21:00,368454,30,5,3,8,5,4,2,3,3,5,2,1
338,6DL,2026-03-12,21:00,017791,25,4.167,0,9,9,1,5,3,3,4,1,0
339,6DL,2026-03-14,21:00,682627,31,5.167,2,8,6,5,1,2,4,4,0,1
340,6DL,2026-03-17,21:00,183421,19,3.167,1,8,7,3,3,5,1,5,2,2
341,6DL,2026-03-19,21:00,870568,34,5.667,0,8,8,4,2,1,5,5,2,1
342,6DL,2026-03-21,21:00,380046,21,3.5,0,8,8,5,1,4,2,5,0,3
343,6DL,2026-03-24,21:00,874446,33,5.5,4,8,4,5,1,3,3,4,1,3
344,6DL,2026-03-26,21:00,178947,36,6,1,9,8,2,4,2,4,5,2,3
345,6DL,2026-03-28,21:00,558022,22,3.667,0,8,8,4,2,3,3,4,0,1
346,6DL,2026-03-31,21:00,837417,30,5,1,8,7,2,4,3,3,5,0,1
347,6DL,2026-04-07,21:00,240775,25,4.167,0,7,7,3,3,3,3,5,0,2
348,6DL,2026-04-09,21:00,241429,22,3.667,1,9,8,4,2,5,1,4,0,2
349,6DL,2026-04-11,21:00,040614,15,2.5,0,6,6,5,1,5,1,4,0,2
350,6DL,2026-04-14,21:00,380012,14,2.333,0,8,8,4,2,5,1,5,2,2
351,6DL,2026-04-16,21:00,670534,25,4.167,0,7,7,3,3,3,3,6,2,2
352,6DL,2026-04-18,21:00,503242,16,2.667,0,5,5,4,2,5,1,5,1,4
353,6DL,2026-04-21,21:00,159802,25,4.167,0,9,9,3,3,3,3,6,1,3
354,6DL,2026-04-23,21:00,390365,26,4.333,0,9,9,2,4,3,3,5,1,3
355,6DL,2026-04-25,21:00,940857,33,5.5,0,9,9,3,3,2,4,6,0,3
356,6DL,2026-04-28,21:00,815215,22,3.667,1,8,7,2,4,3,3,4,1,2
357,6DL,2026-04-30,21:00,003760,16,2.667,0,7,7,4,2,4,2,4,1,0
358,6DL,2026-05-02,21:00,016949,29,4.833,0,9,9,3,3,3,3,5,1,2
359,6DL,2026-05-05,21:00,620491,22,3.667,0,9,9,4,2,4,2,6,0,5
360,6DL,2026-05-07,21:00,406887,33,5.5,0,8,8,5,1,2,4,5,1,3
361,6DL,2026-05-09,21:00,317328,24,4,1,8,7,2,4,4,2,5,1,2
362,6DL,2026-05-12,21:00,064037,20,3.333,0,7,7,4,2,4,2,5,0,2
363,6DL,2026-05-14,21:00,434720,20,3.333,0,7,7,4,2,5,1,5,2,4
364,6DL,2026-05-16,21:00,848143,28,4.667,1,8,7,4,2,4,2,4,1,2
365,6DL,2026-05-19,21:00,524551,22,3.667,1,5,4,2,4,3,3,4,1,2
366,6DL,2026-05-21,21:00,173587,31,5.167,1,8,7,1,5,2,4,5,1,2
367,6DL,2026-05-23,21:00,193315,22,3.667,1,9,8,0,6,4,2,4,0,3
368,6DL,2026-05-26,21:00,384999,42,7,3,9,6,2,4,2,4,4,0,2
369,6DL,2026-05-28,21:00,902916,27,4.5,0,9,9,3,3,3,3,5,0,1
370,6DL,2026-05-30,21:00,554297,32,5.333,2,9,7,2,4,2,4,5,1,2
371,6DL,2026-06-02,21:00,291007,19,3.167,0,9,9,3,3,4,2,5,1,3
372,6DL,2026-06-04,21:00,342685,28,4.667,2,8,6,4,2,3,3,6,1,1
373,6DL,2026-06-06,21:00,981392,32,5.333,1,9,8,2,4,3,3,5,1,3
374,6DL,2026-06-09,21:00,637541,26,4.333,1,7,6,2,4,3,3,6,1,2
375,6DL,2026-06-11,21:00,288784,37,6.167,2,8,6,5,1,2,4,4,2,2
376,6DL,2026-06-13,21:00,972481,31,5.167,1,9,8,3,3,3,3,6,0,4
377,6DL,2026-06-16,21:00,747089,35,5.833,0,9,9,3,3,2,4,5,1,4
378,6DL,2026-06-18,21:00,192707,26,4.333,0,9,9,2,4,3,3,5,0,3
379,6DL,2026-06-20,21:00,398359,37,6.167,3,9,6,1,5,2,4,4,1,1
380,6DL,2026-06-23,21:00,998186,41,6.833,1,9,8,3,3,1,5,4,1,2
381,6DL,2026-06-25,21:00,318072,21,3.5,0,8,8,3,3,4,2,6,0,2
382,6DL,2026-06-27,21:00,804721,22,3.667,0,8,8,4,2,4,2,6,1,5
383,6DL,2026-06-30,21:00,582816,30,5,1,8,7,4,2,2,4,5,0,3
384,6DL,2026-07-02,21:00,706895,35,5.833,0,9,9,3,3,1,5,6,1,3
385,6DL,2026-07-04,21:00,763911,27,4.5,1,9,8,1,5,3,3,5,1,3
386,6DL,2026-07-07,21:00,700382,20,3.333,0,8,8,4,2,4,2,5,0,2
387,6DL,2026-07-09,21:00,186494,32,5.333,1,9,8,4,2,3,3,5,0,1
388,6DL,2026-07-11,21:00,664671,30,5,1,7,6,4,2,2,4,4,1,3
389,6DL,2026-07-14,21:00,993254,32,5.333,2,9,7,2,4,3,3,5,2,1
390,6DL,2026-07-16,21:00,358765,34,5.667,3,8,5,2,4,1,5,5,3,2
391,6DL,2026-07-18,21:00,324536,23,3.833,2,6,4,3,3,4,2,5,2,3
392,6DL,2026-07-21,21:00,468170,26,4.333,0,8,8,4,2,3,3,6,0,2
393,6DL,2026-07-23,21:00,032642,17,2.833,0,6,6,5,1,5,1,5,1,3
394,6DL,2026-07-25,21:00,626183,26,4.333,1,8,7,4,2,3,3,5,0,3
395,6DL,2026-07-28,21:00,258794,35,5.833,2,9,7,3,3,2,4,6,1,2
396,6DL,2026-07-30,21:00,095761,28,4.667,0,9,9,2,4,2,4,6,1,3
397,6DL,2026-08-01,21:00,906359,32,5.333,0,9,9,2,4,2,4,5,0,4
398,6DL,2026-08-04,21:00,050497,25,4.167,0,9,9,3,3,3,3,5,0,3
